recipient_code,ldc_group,income_group,region
55,Other Developing Countries,Upper middle income,Europe
57,Other Developing Countries,Upper middle income,Europe
63,Other Developing Countries,Upper middle income,Europe
64,Other Developing Countries,Upper middle income,Europe
65,Other Developing Countries,Upper middle income,Europe
66,Other Developing Countries,Upper middle income,Europe
71,Other Developing Countries,Upper middle income,Europe
85,Other Developing Countries,Upper middle income,Europe
86,Other Developing Countries,Upper middle income,Europe
88,Regional / Multi-country Unallocated,Regional / Multi-country Unallocated,Europe
89,Regional / Multi-country Unallocated,Regional / Multi-country Unallocated,Europe
93,Other Developing Countries,Upper middle income,Europe
130,Other Developing Countries,Upper middle income,North of Sahara
133,Other Developing Countries,Upper middle income,North of Sahara
136,Other Developing Countries,Lower middle income,North of Sahara
139,Other Developing Countries,Lower middle income,North of Sahara
142,Other Developing Countries,Lower middle income,North of Sahara
189,Regional / Multi-country Unallocated,Regional / Multi-country Unallocated,North of Sahara
218,Other Developing Countries,Upper middle income,South of Sahara
225,Least Developed Countries,Lower middle income,South of Sahara
227,Other Developing Countries,Upper middle income,South of Sahara
228,Least Developed Countries,Low income,South of Sahara
229,Other Developing Countries,Lower middle income,South of Sahara
230,Other Developing Countries,Upper middle income,South of Sahara
231,Least Developed Countries,Low income,South of Sahara
232,Least Developed Countries,Low income,South of Sahara
233,Least Developed Countries,Lower middle income,South of Sahara
234,Other Developing Countries,Lower middle income,South of Sahara
235,Least Developed Countries,Low income,South of Sahara
236,Least Developed Countries,Lower middle income,South of Sahara
238,Least Developed Countries,Low income,South of Sahara
239,Other Developing Countries,Upper middle income,South of Sahara
240,Least Developed Countries,Low income,South of Sahara
241,Other Developing Countries,Lower middle income,South of Sahara
243,Least Developed Countries,Lower middle income,South of Sahara
244,Least Developed Countries,Low income,South of Sahara
245,Other Developing Countries,Upper middle income,South of Sahara
247,Other Developing Countries,Lower middle income,South of Sahara
248,Other Developing Countries,Lower middle income,South of Sahara
249,Least Developed Countries,Lower middle income,South of Sahara
251,Least Developed Countries,Low income,South of Sahara
252,Least Developed Countries,Low income,South of Sahara
253,Least Developed Countries,Low income,South of Sahara
255,Least Developed Countries,Low income,South of Sahara
256,Least Developed Countries,Lower middle income,South of Sahara
257,Other Developing Countries,Upper middle income,South of Sahara
259,Least Developed Countries,Low income,South of Sahara
260,Least Developed Countries,Low income,South of Sahara
261,Other Developing Countries,Lower middle income,South of Sahara
265,Other Developing Countries,Lower middle income,South of Sahara
266,Least Developed Countries,Low income,South of Sahara
268,Other Developing Countries,Lower middle income,South of Sahara
269,Least Developed Countries,Lower middle income,South of Sahara
270,Other Developing Countries,High income,South of Sahara
271,Least Developed Countries,Low income,South of Sahara
272,Least Developed Countries,Low income,South of Sahara
273,Least Developed Countries,Low income,South of Sahara
274,Least Developed Countries,Lower middle income,South of Sahara
275,Other Developing Countries,Lower middle income,South of Sahara
276,Other Developing Countries,Unclassified,South of Sahara
278,Least Developed Countries,Low income,South of Sahara
279,Least Developed Countries,Low income,South of Sahara
280,Other Developing Countries,Lower middle income,South of Sahara
282,Least Developed Countries,Lower middle income,South of Sahara
283,Least Developed Countries,Lower middle income,South of Sahara
285,Least Developed Countries,Low income,South of Sahara
287,Least Developed Countries,Low income,South of Sahara
288,Least Developed Countries,Lower middle income,South of Sahara
289,Regional / Multi-country Unallocated,Regional / Multi-country Unallocated,South of Sahara
298,Regional / Multi-country Unallocated,Regional / Multi-country Unallocated,Africa
328,Other Developing Countries,High income,Caribbean & Central America
329,Other Developing Countries,High income,Caribbean & Central America
336,Other Developing Countries,High income,Caribbean & Central America
338,Other Developing Countries,Upper middle income,Caribbean & Central America
340,Other Developing Countries,Upper middle income,Caribbean & Central America
342,Other Developing Countries,Upper middle income,Caribbean & Central America
347,Other Developing Countries,Upper middle income,Caribbean & Central America
349,Least Developed Countries,Lower middle income,Caribbean & Central America
351,Other Developing Countries,Lower middle income,Caribbean & Central America
352,Other Developing Countries,Upper middle income,Caribbean & Central America
354,Other Developing Countries,Upper middle income,Caribbean & Central America
358,Other Developing Countries,Upper middle income,Caribbean & Central America
364,Other Developing Countries,Lower middle income,Caribbean & Central America
366,Other Developing Countries,High income,Caribbean & Central America
375,Other Developing Countries,High income,Caribbean & Central America
377,Other Developing Countries,High income,Caribbean & Central America
378,Other Developing Countries,Upper middle income,Caribbean & Central America
381,Other Developing Countries,Upper middle income,Caribbean & Central America
382,Other Developing Countries,High income,Caribbean & Central America
383,Other Developing Countries,Upper middle income,Caribbean & Central America
384,Other Developing Countries,Upper middle income,Caribbean & Central America
385,Other Developing Countries,Unclassified,Caribbean & Central America
389,Regional / Multi-country Unallocated,Regional / Multi-country Unallocated,Caribbean & Central America
425,Other Developing Countries,Upper middle income,South America
428,Other Developing Countries,Lower middle income,South America
431,Other Developing Countries,Upper middle income,South America
434,Other Developing Countries,High income,South America
437,Other Developing Countries,Upper middle income,South America
440,Other Developing Countries,Upper middle income,South America
446,Other Developing Countries,High income,South America
451,Other Developing Countries,Upper middle income,South America
454,Other Developing Countries,Upper middle income,South America
457,Other Developing Countries,Upper middle income,South America
460,Other Developing Countries,High income,South America
463,Other Developing Countries,Lower middle income,South America
489,Regional / Multi-country Unallocated,Regional / Multi-country Unallocated,South America
498,Regional / Multi-country Unallocated,Regional / Multi-country Unallocated,America
540,Other Developing Countries,Upper middle income,Middle East
543,Other Developing Countries,Upper middle income,Middle East
549,Other Developing Countries,Upper middle income,Middle East
550,Other Developing Countries,Lower middle income,Middle East
555,Other Developing Countries,Lower middle income,Middle East
573,Other Developing Countries,Low income,Middle East
580,Least Developed Countries,Low income,Middle East
589,Regional / Multi-country Unallocated,Regional / Multi-country Unallocated,Middle East
610,Other Developing Countries,Upper middle income,South & Central Asia
611,Other Developing Countries,Upper middle income,South & Central Asia
612,Other Developing Countries,Upper middle income,South & Central Asia
613,Other Developing Countries,Upper middle income,South & Central Asia
614,Other Developing Countries,Lower middle income,South & Central Asia
615,Other Developing Countries,Lower middle income,South & Central Asia
616,Other Developing Countries,Upper middle income,South & Central Asia
617,Other Developing Countries,Lower middle income,South & Central Asia
619,Regional / Multi-country Unallocated,Regional / Multi-country Unallocated,South & Central Asia
625,Least Developed Countries,Low income,South & Central Asia
630,Other Developing Countries,Lower middle income,South & Central Asia
635,Least Developed Countries,Lower middle income,South & Central Asia
640,Other Developing Countries,Upper middle income,South & Central Asia
645,Other Developing Countries,Lower middle income,South & Central Asia
655,Other Developing Countries,Upper middle income,South & Central Asia
660,Least Developed Countries,Lower middle income,South & Central Asia
665,Other Developing Countries,Lower middle income,South & Central Asia
666,Least Developed Countries,Lower middle income,South & Central Asia
679,Regional / Multi-country Unallocated,Regional / Multi-country Unallocated,South & Central Asia
689,Regional / Multi-country Unallocated,Regional / Multi-country Unallocated,South & Central Asia
725,Other Developing Countries,High income,Far East Asia
728,Least Developed Countries,Lower middle income,Far East Asia
730,Other Developing Countries,Upper middle income,Far East Asia
738,Other Developing Countries,Upper middle income,Far East Asia
740,Other Developing Countries,Low income,Far East Asia
745,Least Developed Countries,Lower middle income,Far East Asia
751,Other Developing Countries,Upper middle income,Far East Asia
753,Other Developing Countries,Upper middle income,Far East Asia
755,Other Developing Countries,Upper middle income,Far East Asia
764,Other Developing Countries,Upper middle income,Far East Asia
765,Least Developed Countries,Lower middle income,Far East Asia
769,Other Developing Countries,Upper middle income,Far East Asia
789,Regional / Multi-country Unallocated,Regional / Multi-country Unallocated,Far East Asia
798,Regional / Multi-country Unallocated,Regional / Multi-country Unallocated,Asia
831,Other Developing Countries,Unclassified,Oceania
832,Other Developing Countries,Upper middle income,Oceania
836,Least Developed Countries,Lower middle income,Oceania
845,Other Developing Countries,High income,Oceania
854,Other Developing Countries,Lower middle income,Oceania
856,Other Developing Countries,Unclassified,Oceania
859,Other Developing Countries,Upper middle income,Oceania
860,Other Developing Countries,Upper middle income,Oceania
861,Other Developing Countries,High income,Oceania
862,Other Developing Countries,Lower middle income,Oceania
866,Least Developed Countries,Lower middle income,Oceania
868,Other Developing Countries,Unclassified,Oceania
870,Other Developing Countries,Upper middle income,Oceania
872,Least Developed Countries,Upper middle income,Oceania
876,Other Developing Countries,Unclassified,Oceania
880,Other Developing Countries,Upper middle income,Oceania
889,Regional / Multi-country Unallocated,Regional / Multi-country Unallocated,Oceania
998,Regional / Multi-country Unallocated,Regional / Multi-country Unallocated,"Developing countries, unspecified"
999,Regional / Multi-country Unallocated,Regional / Multi-country Unallocated,Global
1027,Regional / Multi-country Unallocated,Regional / Multi-country Unallocated,South of Sahara
1028,Regional / Multi-country Unallocated,Regional / Multi-country Unallocated,South of Sahara
1029,Regional / Multi-country Unallocated,Regional / Multi-country Unallocated,South of Sahara
1030,Regional / Multi-country Unallocated,Regional / Multi-country Unallocated,South of Sahara
1031,Regional / Multi-country Unallocated,Regional / Multi-country Unallocated,Caribbean & Central America
1032,Regional / Multi-country Unallocated,Regional / Multi-country Unallocated,Caribbean & Central America
1033,Regional / Multi-country Unallocated,Regional / Multi-country Unallocated,Oceania
1034,Regional / Multi-country Unallocated,Regional / Multi-country Unallocated,Oceania
1035,Regional / Multi-country Unallocated,Regional / Multi-country Unallocated,Oceania
